model,encoding,ansatz,shots,repeat,test_accuracy,test_loss
h_rz/simple,h_rz,simple,100,0,0.8,0.58564047230662
h_rz/simple,h_rz,simple,100,1,0.76,0.5418045870725534
h_rz/simple,h_rz,simple,100,2,0.8,0.5863794451233421
h_rz/simple,h_rz,simple,100,3,0.84,0.5738968321949609
h_rz/simple,h_rz,simple,100,4,0.84,0.529629689599151
h_rz/simple,h_rz,simple,100,5,0.8,0.5572175130646377
h_rz/simple,h_rz,simple,100,6,0.8,0.566271606915584
h_rz/simple,h_rz,simple,100,7,0.84,0.5440102425780615
h_rz/simple,h_rz,simple,100,8,0.84,0.6004794687588112
h_rz/simple,h_rz,simple,100,9,0.8,0.542661470816521
h_rz/simple,h_rz,simple,100,10,0.72,0.5670329581669318
h_rz/simple,h_rz,simple,100,11,0.84,0.5603066816320912
h_rz/simple,h_rz,simple,100,12,0.8,0.5593358712613474
h_rz/simple,h_rz,simple,100,13,0.84,0.5554352406077158
h_rz/simple,h_rz,simple,100,14,0.8,0.5529626787942941
h_rz/simple,h_rz,simple,100,15,0.76,0.5889041058514277
h_rz/simple,h_rz,simple,100,16,0.84,0.5122743704824602
h_rz/simple,h_rz,simple,100,17,0.8,0.5319224599747163
h_rz/simple,h_rz,simple,100,18,0.84,0.5978989547467899
h_rz/simple,h_rz,simple,100,19,0.76,0.6238344205868057
h_rz/simple,h_rz,simple,100,20,0.84,0.5644808411201536
h_rz/simple,h_rz,simple,100,21,0.84,0.5802796727748012
h_rz/simple,h_rz,simple,100,22,0.84,0.57723106999893
h_rz/simple,h_rz,simple,100,23,0.76,0.6271045835959529
h_rz/simple,h_rz,simple,100,24,0.84,0.560524216707089
h_rz/simple,h_rz,simple,100,25,0.84,0.5778991269149915
h_rz/simple,h_rz,simple,100,26,0.76,0.5410275122173016
h_rz/simple,h_rz,simple,100,27,0.76,0.5770948057745275
h_rz/simple,h_rz,simple,100,28,0.84,0.5532597498810113
h_rz/simple,h_rz,simple,100,29,0.8,0.5866740824904132
h_rz/simple,h_rz,simple,1000,0,0.84,0.5714985691013861
h_rz/simple,h_rz,simple,1000,1,0.84,0.5656430278782412
h_rz/simple,h_rz,simple,1000,2,0.84,0.5659791084334177
h_rz/simple,h_rz,simple,1000,3,0.84,0.5460369491772036
h_rz/simple,h_rz,simple,1000,4,0.84,0.5689560752555868
h_rz/simple,h_rz,simple,1000,5,0.84,0.5687859241576976
h_rz/simple,h_rz,simple,1000,6,0.84,0.5664561487985577
h_rz/simple,h_rz,simple,1000,7,0.84,0.5729167564680944
h_rz/simple,h_rz,simple,1000,8,0.84,0.5593001953656848
h_rz/simple,h_rz,simple,1000,9,0.84,0.5652941977072183
h_rz/simple,h_rz,simple,1000,10,0.84,0.5650477491044809
h_rz/simple,h_rz,simple,1000,11,0.84,0.5628119130698155
h_rz/simple,h_rz,simple,1000,12,0.84,0.5556409211287873
h_rz/simple,h_rz,simple,1000,13,0.84,0.5686454220838922
h_rz/simple,h_rz,simple,1000,14,0.84,0.553527797111542
h_rz/simple,h_rz,simple,1000,15,0.84,0.5749813293189241
h_rz/simple,h_rz,simple,1000,16,0.84,0.5633412830653892
h_rz/simple,h_rz,simple,1000,17,0.84,0.5698065992921609
h_rz/simple,h_rz,simple,1000,18,0.84,0.5573750772384207
h_rz/simple,h_rz,simple,1000,19,0.84,0.5609851316862854
h_rz/simple,h_rz,simple,1000,20,0.84,0.5576865202697027
h_rz/simple,h_rz,simple,1000,21,0.84,0.5676505379535589
h_rz/simple,h_rz,simple,1000,22,0.84,0.5588760923684334
h_rz/simple,h_rz,simple,1000,23,0.84,0.5581143228654115
h_rz/simple,h_rz,simple,1000,24,0.84,0.561600402878906
h_rz/simple,h_rz,simple,1000,25,0.84,0.5616833608995636
h_rz/simple,h_rz,simple,1000,26,0.84,0.5507489738591881
h_rz/simple,h_rz,simple,1000,27,0.84,0.5698683223037984
h_rz/simple,h_rz,simple,1000,28,0.84,0.563451579061456
h_rz/simple,h_rz,simple,1000,29,0.84,0.5721191243047271
h_rz/simple,h_rz,simple,10000,0,0.84,0.5632452447751235
h_rz/simple,h_rz,simple,10000,1,0.84,0.561970004224955
h_rz/simple,h_rz,simple,10000,2,0.84,0.5624147517027356
h_rz/simple,h_rz,simple,10000,3,0.84,0.5624836964044438
h_rz/simple,h_rz,simple,10000,4,0.84,0.5602148244933204
h_rz/simple,h_rz,simple,10000,5,0.84,0.5655548662954533
h_rz/simple,h_rz,simple,10000,6,0.84,0.564899234919371
h_rz/simple,h_rz,simple,10000,7,0.84,0.558395658718419
h_rz/simple,h_rz,simple,10000,8,0.84,0.5606955732468303
h_rz/simple,h_rz,simple,10000,9,0.84,0.5597974726110263
h_rz/simple,h_rz,simple,10000,10,0.84,0.5619576402123581
h_rz/simple,h_rz,simple,10000,11,0.84,0.5620106734574716
h_rz/simple,h_rz,simple,10000,12,0.84,0.5615478571766862
h_rz/simple,h_rz,simple,10000,13,0.84,0.5619408337337167
h_rz/simple,h_rz,simple,10000,14,0.84,0.5599438872693796
h_rz/simple,h_rz,simple,10000,15,0.84,0.5608507473971274
h_rz/simple,h_rz,simple,10000,16,0.84,0.5628243515689051
h_rz/simple,h_rz,simple,10000,17,0.84,0.5620727712025113
h_rz/simple,h_rz,simple,10000,18,0.84,0.562907702761411
h_rz/simple,h_rz,simple,10000,19,0.84,0.5615575065373265
h_rz/simple,h_rz,simple,10000,20,0.84,0.5607736403762508
h_rz/simple,h_rz,simple,10000,21,0.84,0.5612349571448376
h_rz/simple,h_rz,simple,10000,22,0.84,0.5593732721371029
h_rz/simple,h_rz,simple,10000,23,0.84,0.5631704950999687
h_rz/simple,h_rz,simple,10000,24,0.84,0.5591829703855857
h_rz/simple,h_rz,simple,10000,25,0.84,0.5611908835612793
h_rz/simple,h_rz,simple,10000,26,0.84,0.557273088740914
h_rz/simple,h_rz,simple,10000,27,0.84,0.5669824003302898
h_rz/simple,h_rz,simple,10000,28,0.84,0.5589676954062034
h_rz/simple,h_rz,simple,10000,29,0.84,0.5615888046395981
ry/simple,ry,simple,100,0,1.0,0.1492520151974129
ry/simple,ry,simple,100,1,0.96,0.16479578831432729
ry/simple,ry,simple,100,2,0.96,0.1602804142195608
ry/simple,ry,simple,100,3,1.0,0.15945505313225572
ry/simple,ry,simple,100,4,1.0,0.16522648636369308
ry/simple,ry,simple,100,5,1.0,0.15761112058743004
ry/simple,ry,simple,100,6,0.96,0.15983096212351908
ry/simple,ry,simple,100,7,1.0,0.1539299095796649
ry/simple,ry,simple,100,8,1.0,0.16369948904430953
ry/simple,ry,simple,100,9,1.0,0.1562781809876358
ry/simple,ry,simple,100,10,1.0,0.15978649871733638
ry/simple,ry,simple,100,11,1.0,0.17461392041586785
ry/simple,ry,simple,100,12,1.0,0.1628067069055022
ry/simple,ry,simple,100,13,1.0,0.17861555473299717
ry/simple,ry,simple,100,14,1.0,0.1553544222706804
ry/simple,ry,simple,100,15,1.0,0.14856619744745905
ry/simple,ry,simple,100,16,1.0,0.16567303692091712
ry/simple,ry,simple,100,17,1.0,0.1587575312739472
ry/simple,ry,simple,100,18,1.0,0.16045729234032996
ry/simple,ry,simple,100,19,1.0,0.16932221879104756
ry/simple,ry,simple,100,20,1.0,0.15387534192110913
ry/simple,ry,simple,100,21,0.96,0.1720452654408441
ry/simple,ry,simple,100,22,1.0,0.16783809102307873
ry/simple,ry,simple,100,23,1.0,0.15658011101317137
ry/simple,ry,simple,100,24,0.96,0.17695418719650277
ry/simple,ry,simple,100,25,1.0,0.1657869997936561
ry/simple,ry,simple,100,26,1.0,0.16750097045153775
ry/simple,ry,simple,100,27,1.0,0.15493108830350416
ry/simple,ry,simple,100,28,1.0,0.1560377934694869
ry/simple,ry,simple,100,29,0.96,0.16212067091340474
ry/simple,ry,simple,1000,0,1.0,0.15618395307929747
ry/simple,ry,simple,1000,1,1.0,0.15696571247236424
ry/simple,ry,simple,1000,2,1.0,0.15988289288117746
ry/simple,ry,simple,1000,3,1.0,0.15666509920757007
ry/simple,ry,simple,1000,4,1.0,0.1582947627875247
ry/simple,ry,simple,1000,5,1.0,0.1615101140233265
ry/simple,ry,simple,1000,6,1.0,0.16176466801933057
ry/simple,ry,simple,1000,7,1.0,0.15669700216034382
ry/simple,ry,simple,1000,8,1.0,0.16473576397776057
ry/simple,ry,simple,1000,9,1.0,0.16083760039236059
ry/simple,ry,simple,1000,10,1.0,0.16312470551210329
ry/simple,ry,simple,1000,11,1.0,0.15959590878290844
ry/simple,ry,simple,1000,12,1.0,0.1625476272555372
ry/simple,ry,simple,1000,13,1.0,0.15371672932462097
ry/simple,ry,simple,1000,14,1.0,0.15987612206317528
ry/simple,ry,simple,1000,15,1.0,0.16138297537875135
ry/simple,ry,simple,1000,16,1.0,0.1590537432662947
ry/simple,ry,simple,1000,17,1.0,0.15800276597761612
ry/simple,ry,simple,1000,18,1.0,0.1641838257211288
ry/simple,ry,simple,1000,19,1.0,0.1576685159708545
ry/simple,ry,simple,1000,20,1.0,0.16148393360927712
ry/simple,ry,simple,1000,21,1.0,0.15504197151963792
ry/simple,ry,simple,1000,22,1.0,0.16365277923623953
ry/simple,ry,simple,1000,23,1.0,0.15708614960211992
ry/simple,ry,simple,1000,24,1.0,0.16030455527038587
ry/simple,ry,simple,1000,25,1.0,0.15715124017234267
ry/simple,ry,simple,1000,26,1.0,0.16219424492298412
ry/simple,ry,simple,1000,27,1.0,0.15327436824799473
ry/simple,ry,simple,1000,28,1.0,0.1632369794069092
ry/simple,ry,simple,1000,29,1.0,0.1609465289188648
ry/simple,ry,simple,10000,0,1.0,0.15904747600068223
ry/simple,ry,simple,10000,1,1.0,0.15760771065221182
ry/simple,ry,simple,10000,2,1.0,0.1602980008755762
ry/simple,ry,simple,10000,3,1.0,0.15956204511392064
ry/simple,ry,simple,10000,4,1.0,0.16143358870148408
ry/simple,ry,simple,10000,5,1.0,0.16003517888146557
ry/simple,ry,simple,10000,6,1.0,0.16017686569697415
ry/simple,ry,simple,10000,7,1.0,0.15914635460018414
ry/simple,ry,simple,10000,8,1.0,0.16058229429974819
ry/simple,ry,simple,10000,9,1.0,0.15950844253565843
ry/simple,ry,simple,10000,10,1.0,0.16053168958434383
ry/simple,ry,simple,10000,11,1.0,0.15991482728696696
ry/simple,ry,simple,10000,12,1.0,0.1593786745009772
ry/simple,ry,simple,10000,13,1.0,0.16106360259069585
ry/simple,ry,simple,10000,14,1.0,0.16156212990705243
ry/simple,ry,simple,10000,15,1.0,0.15921172231214414
ry/simple,ry,simple,10000,16,1.0,0.15949455162042697
ry/simple,ry,simple,10000,17,1.0,0.1586914084989699
ry/simple,ry,simple,10000,18,1.0,0.1590614675572366
ry/simple,ry,simple,10000,19,1.0,0.15870251900964572
ry/simple,ry,simple,10000,20,1.0,0.15951784694735027
ry/simple,ry,simple,10000,21,1.0,0.1597761130893709
ry/simple,ry,simple,10000,22,1.0,0.16013546966161007
ry/simple,ry,simple,10000,23,1.0,0.15841509786960775
ry/simple,ry,simple,10000,24,1.0,0.1591783595365035
ry/simple,ry,simple,10000,25,1.0,0.1604177413175718
ry/simple,ry,simple,10000,26,1.0,0.15939014602579585
ry/simple,ry,simple,10000,27,1.0,0.16004520227622834
ry/simple,ry,simple,10000,28,1.0,0.15919951538594587
ry/simple,ry,simple,10000,29,1.0,0.15990748829683787
ry_rz/strong,ry_rz,strong,100,0,1.0,0.3190383282724642
ry_rz/strong,ry_rz,strong,100,1,1.0,0.3161481533086452
ry_rz/strong,ry_rz,strong,100,2,0.96,0.3180080648151501
ry_rz/strong,ry_rz,strong,100,3,1.0,0.3229215786257803
ry_rz/strong,ry_rz,strong,100,4,0.96,0.33507524347622164
ry_rz/strong,ry_rz,strong,100,5,1.0,0.30572532870553454
ry_rz/strong,ry_rz,strong,100,6,1.0,0.31124093966539523
ry_rz/strong,ry_rz,strong,100,7,0.96,0.34320991121236616
ry_rz/strong,ry_rz,strong,100,8,1.0,0.2826689115574617
ry_rz/strong,ry_rz,strong,100,9,0.96,0.3124616258205582
ry_rz/strong,ry_rz,strong,100,10,1.0,0.3120469184806891
ry_rz/strong,ry_rz,strong,100,11,1.0,0.3207065500582872
ry_rz/strong,ry_rz,strong,100,12,1.0,0.3147121351018429
ry_rz/strong,ry_rz,strong,100,13,0.96,0.3524601148498756
ry_rz/strong,ry_rz,strong,100,14,1.0,0.30911872141721286
ry_rz/strong,ry_rz,strong,100,15,0.96,0.29728196845808635
ry_rz/strong,ry_rz,strong,100,16,0.96,0.308783365243149
ry_rz/strong,ry_rz,strong,100,17,0.96,0.32155167341443075
ry_rz/strong,ry_rz,strong,100,18,1.0,0.2963937753769803
ry_rz/strong,ry_rz,strong,100,19,0.96,0.31127741175064505
ry_rz/strong,ry_rz,strong,100,20,1.0,0.32648851052764605
ry_rz/strong,ry_rz,strong,100,21,1.0,0.3032644584703456
ry_rz/strong,ry_rz,strong,100,22,1.0,0.31266206586188894
ry_rz/strong,ry_rz,strong,100,23,1.0,0.32557554764948343
ry_rz/strong,ry_rz,strong,100,24,0.96,0.335710957470206
ry_rz/strong,ry_rz,strong,100,25,1.0,0.31730760345422476
ry_rz/strong,ry_rz,strong,100,26,0.96,0.31948693851462057
ry_rz/strong,ry_rz,strong,100,27,1.0,0.3079898600824601
ry_rz/strong,ry_rz,strong,100,28,1.0,0.301708932042976
ry_rz/strong,ry_rz,strong,100,29,1.0,0.3149426932587835
ry_rz/strong,ry_rz,strong,1000,0,1.0,0.32040631473203995
ry_rz/strong,ry_rz,strong,1000,1,1.0,0.3154437410312875
ry_rz/strong,ry_rz,strong,1000,2,1.0,0.3126989174610364
ry_rz/strong,ry_rz,strong,1000,3,1.0,0.31567646985691694
ry_rz/strong,ry_rz,strong,1000,4,1.0,0.3156763936764145
ry_rz/strong,ry_rz,strong,1000,5,1.0,0.3192186145899297
ry_rz/strong,ry_rz,strong,1000,6,1.0,0.3026753905647316
ry_rz/strong,ry_rz,strong,1000,7,1.0,0.30670006238113506
ry_rz/strong,ry_rz,strong,1000,8,1.0,0.3127091287751552
ry_rz/strong,ry_rz,strong,1000,9,1.0,0.31151621936078266
ry_rz/strong,ry_rz,strong,1000,10,1.0,0.31220209702997725
ry_rz/strong,ry_rz,strong,1000,11,1.0,0.30992629296107316
ry_rz/strong,ry_rz,strong,1000,12,1.0,0.31113234532518824
ry_rz/strong,ry_rz,strong,1000,13,1.0,0.3127805885428126
ry_rz/strong,ry_rz,strong,1000,14,1.0,0.309485571825161
ry_rz/strong,ry_rz,strong,1000,15,1.0,0.3153177377857465
ry_rz/strong,ry_rz,strong,1000,16,1.0,0.31136966868058896
ry_rz/strong,ry_rz,strong,1000,17,1.0,0.31051441624842213
ry_rz/strong,ry_rz,strong,1000,18,1.0,0.31446743089851487
ry_rz/strong,ry_rz,strong,1000,19,1.0,0.3110097468859151
ry_rz/strong,ry_rz,strong,1000,20,1.0,0.31430708770678456
ry_rz/strong,ry_rz,strong,1000,21,1.0,0.31335401410600566
ry_rz/strong,ry_rz,strong,1000,22,1.0,0.310022958367995
ry_rz/strong,ry_rz,strong,1000,23,1.0,0.3144118864459764
ry_rz/strong,ry_rz,strong,1000,24,1.0,0.3164263964548288
ry_rz/strong,ry_rz,strong,1000,25,1.0,0.3113442723194408
ry_rz/strong,ry_rz,strong,1000,26,1.0,0.30853555940604616
ry_rz/strong,ry_rz,strong,1000,27,1.0,0.30982641683030565
ry_rz/strong,ry_rz,strong,1000,28,1.0,0.31568323050496994
ry_rz/strong,ry_rz,strong,1000,29,1.0,0.3150833511753359
ry_rz/strong,ry_rz,strong,10000,0,1.0,0.3123319647285932
ry_rz/strong,ry_rz,strong,10000,1,1.0,0.3114585776942437
ry_rz/strong,ry_rz,strong,10000,2,1.0,0.31462027387669184
ry_rz/strong,ry_rz,strong,10000,3,1.0,0.3147904414098155
ry_rz/strong,ry_rz,strong,10000,4,1.0,0.312149349393332
ry_rz/strong,ry_rz,strong,10000,5,1.0,0.31264971524101887
ry_rz/strong,ry_rz,strong,10000,6,1.0,0.310597071504909
ry_rz/strong,ry_rz,strong,10000,7,1.0,0.3103658369516763
ry_rz/strong,ry_rz,strong,10000,8,1.0,0.3114940400586519
ry_rz/strong,ry_rz,strong,10000,9,1.0,0.3102463962472562
ry_rz/strong,ry_rz,strong,10000,10,1.0,0.3111060882278612
ry_rz/strong,ry_rz,strong,10000,11,1.0,0.31249877453928276
ry_rz/strong,ry_rz,strong,10000,12,1.0,0.3108068752387336
ry_rz/strong,ry_rz,strong,10000,13,1.0,0.30937206608090184
ry_rz/strong,ry_rz,strong,10000,14,1.0,0.3148928176658078
ry_rz/strong,ry_rz,strong,10000,15,1.0,0.3110170674692959
ry_rz/strong,ry_rz,strong,10000,16,1.0,0.31183571753202505
ry_rz/strong,ry_rz,strong,10000,17,1.0,0.31204146007659955
ry_rz/strong,ry_rz,strong,10000,18,1.0,0.31174374771475505
ry_rz/strong,ry_rz,strong,10000,19,1.0,0.31044330353129174
ry_rz/strong,ry_rz,strong,10000,20,1.0,0.3121813347254313
ry_rz/strong,ry_rz,strong,10000,21,1.0,0.3119606627668937
ry_rz/strong,ry_rz,strong,10000,22,1.0,0.31157875409329067
ry_rz/strong,ry_rz,strong,10000,23,1.0,0.311089031156046
ry_rz/strong,ry_rz,strong,10000,24,1.0,0.3102182195976991
ry_rz/strong,ry_rz,strong,10000,25,1.0,0.3096467399222778
ry_rz/strong,ry_rz,strong,10000,26,1.0,0.31247904339352234
ry_rz/strong,ry_rz,strong,10000,27,1.0,0.3126255782774413
ry_rz/strong,ry_rz,strong,10000,28,1.0,0.31262476096095343
ry_rz/strong,ry_rz,strong,10000,29,1.0,0.3096704799973219
